-- MySQL dump 10.13  Distrib 5.7.17, for Win64 (x86_64)
--
-- Host: localhost    Database: cardb
-- ------------------------------------------------------
-- Server version	5.7.20-log

/*!40101 SET @OLD_CHARACTER_SET_CLIENT=@@CHARACTER_SET_CLIENT */;
/*!40101 SET @OLD_CHARACTER_SET_RESULTS=@@CHARACTER_SET_RESULTS */;
/*!40101 SET @OLD_COLLATION_CONNECTION=@@COLLATION_CONNECTION */;
/*!40101 SET NAMES utf8 */;
/*!40103 SET @OLD_TIME_ZONE=@@TIME_ZONE */;
/*!40103 SET TIME_ZONE='+00:00' */;
/*!40014 SET @OLD_UNIQUE_CHECKS=@@UNIQUE_CHECKS, UNIQUE_CHECKS=0 */;
/*!40014 SET @OLD_FOREIGN_KEY_CHECKS=@@FOREIGN_KEY_CHECKS, FOREIGN_KEY_CHECKS=0 */;
/*!40101 SET @OLD_SQL_MODE=@@SQL_MODE, SQL_MODE='NO_AUTO_VALUE_ON_ZERO' */;
/*!40111 SET @OLD_SQL_NOTES=@@SQL_NOTES, SQL_NOTES=0 */;

--
-- Table structure for table `category`
--

DROP TABLE IF EXISTS `category`;
/*!40101 SET @saved_cs_client     = @@character_set_client */;
/*!40101 SET character_set_client = utf8 */;
CREATE TABLE `category` (
  `id` int(11) NOT NULL,
  `name` varchar(110) DEFAULT NULL,
  PRIMARY KEY (`id`)
) ENGINE=InnoDB DEFAULT CHARSET=utf8;
/*!40101 SET character_set_client = @saved_cs_client */;

--
-- Dumping data for table `category`
--

LOCK TABLES `category` WRITE;
/*!40000 ALTER TABLE `category` DISABLE KEYS */;
INSERT INTO `category` VALUES (0,'0'),(1,'Vehicle'),(2,'Parts');
/*!40000 ALTER TABLE `category` ENABLE KEYS */;
UNLOCK TABLES;

--
-- Table structure for table `chat`
--

DROP TABLE IF EXISTS `chat`;
/*!40101 SET @saved_cs_client     = @@character_set_client */;
/*!40101 SET character_set_client = utf8 */;
CREATE TABLE `chat` (
  `id` int(11) NOT NULL AUTO_INCREMENT,
  `user1` int(11) DEFAULT NULL,
  `user2` int(11) DEFAULT NULL,
  `message` varchar(1010) DEFAULT NULL,
  `datetime` timestamp NOT NULL DEFAULT CURRENT_TIMESTAMP,
  PRIMARY KEY (`id`),
  UNIQUE KEY `chat_id_uindex` (`id`)
) ENGINE=InnoDB AUTO_INCREMENT=12 DEFAULT CHARSET=utf8;
/*!40101 SET character_set_client = @saved_cs_client */;

--
-- Dumping data for table `chat`
--

LOCK TABLES `chat` WRITE;
/*!40000 ALTER TABLE `chat` DISABLE KEYS */;
INSERT INTO `chat` VALUES (1,13,12,'','2018-03-03 12:17:13'),(2,12,3,'','2018-03-03 14:09:22'),(3,12,13,'hii','2018-03-03 14:17:53'),(4,12,13,'Hello KKK','2018-03-03 14:40:38'),(5,12,13,'hii','2018-03-03 14:45:49'),(6,12,3,'kkkkk','2018-03-03 14:46:00'),(7,13,12,'yes','2018-03-03 14:46:33'),(8,13,12,'Lool','2018-03-03 14:53:22'),(9,12,3,'lloo\r\n','2018-03-03 14:57:06'),(10,17,15,'','2018-03-25 22:53:49'),(11,17,15,'hello, you have a car for sale','2018-03-25 22:53:57');
/*!40000 ALTER TABLE `chat` ENABLE KEYS */;
UNLOCK TABLES;

--
-- Table structure for table `condition_`
--

DROP TABLE IF EXISTS `condition_`;
/*!40101 SET @saved_cs_client     = @@character_set_client */;
/*!40101 SET character_set_client = utf8 */;
CREATE TABLE `condition_` (
  `id` int(11) NOT NULL,
  `name` varchar(110) NOT NULL,
  PRIMARY KEY (`id`)
) ENGINE=InnoDB DEFAULT CHARSET=utf8;
/*!40101 SET character_set_client = @saved_cs_client */;

--
-- Dumping data for table `condition_`
--

LOCK TABLES `condition_` WRITE;
/*!40000 ALTER TABLE `condition_` DISABLE KEYS */;
INSERT INTO `condition_` VALUES (0,'0'),(1,'new'),(2,'used');
/*!40000 ALTER TABLE `condition_` ENABLE KEYS */;
UNLOCK TABLES;

--
-- Table structure for table `customtype`
--

DROP TABLE IF EXISTS `customtype`;
/*!40101 SET @saved_cs_client     = @@character_set_client */;
/*!40101 SET character_set_client = utf8 */;
CREATE TABLE `customtype` (
  `id` int(11) NOT NULL,
  `name` varchar(110) NOT NULL,
  PRIMARY KEY (`id`),
  UNIQUE KEY `name` (`name`)
) ENGINE=InnoDB DEFAULT CHARSET=utf8;
/*!40101 SET character_set_client = @saved_cs_client */;

--
-- Dumping data for table `customtype`
--

LOCK TABLES `customtype` WRITE;
/*!40000 ALTER TABLE `customtype` DISABLE KEYS */;
INSERT INTO `customtype` VALUES (0,'0'),(12,'Auto-cross'),(6,'Diesel'),(2,'Drag'),(1,'Drift'),(11,'Exotic'),(5,'High Risers'),(4,'Low Rider'),(7,'Offroad'),(14,'Other'),(8,'Performance Trucks'),(13,'Road Course'),(9,'Stanced Vehicles'),(3,'Street'),(10,'Vintage/Classic');
/*!40000 ALTER TABLE `customtype` ENABLE KEYS */;
UNLOCK TABLES;

--
-- Table structure for table `drivetype`
--

DROP TABLE IF EXISTS `drivetype`;
/*!40101 SET @saved_cs_client     = @@character_set_client */;
/*!40101 SET character_set_client = utf8 */;
CREATE TABLE `drivetype` (
  `id` int(11) NOT NULL,
  `name` varchar(110) NOT NULL,
  PRIMARY KEY (`id`)
) ENGINE=InnoDB DEFAULT CHARSET=utf8;
/*!40101 SET character_set_client = @saved_cs_client */;

--
-- Dumping data for table `drivetype`
--

LOCK TABLES `drivetype` WRITE;
/*!40000 ALTER TABLE `drivetype` DISABLE KEYS */;
INSERT INTO `drivetype` VALUES (0,'0'),(1,'RWD'),(2,'AWD'),(3,'FWD'),(4,'4WD');
/*!40000 ALTER TABLE `drivetype` ENABLE KEYS */;
UNLOCK TABLES;

--
-- Table structure for table `enginecylinders`
--

DROP TABLE IF EXISTS `enginecylinders`;
/*!40101 SET @saved_cs_client     = @@character_set_client */;
/*!40101 SET character_set_client = utf8 */;
CREATE TABLE `enginecylinders` (
  `id` int(11) NOT NULL,
  `name` varchar(110) NOT NULL,
  PRIMARY KEY (`id`)
) ENGINE=InnoDB DEFAULT CHARSET=utf8;
/*!40101 SET character_set_client = @saved_cs_client */;

--
-- Dumping data for table `enginecylinders`
--

LOCK TABLES `enginecylinders` WRITE;
/*!40000 ALTER TABLE `enginecylinders` DISABLE KEYS */;
INSERT INTO `enginecylinders` VALUES (0,'0'),(1,'1'),(2,'2'),(3,'4'),(4,'6'),(5,'8'),(6,'10'),(7,'12'),(8,'Electric/Hybrid'),(9,'Other');
/*!40000 ALTER TABLE `enginecylinders` ENABLE KEYS */;
UNLOCK TABLES;

--
-- Table structure for table `fueldelivery`
--

DROP TABLE IF EXISTS `fueldelivery`;
/*!40101 SET @saved_cs_client     = @@character_set_client */;
/*!40101 SET character_set_client = utf8 */;
CREATE TABLE `fueldelivery` (
  `id` int(11) NOT NULL,
  `name` varchar(110) NOT NULL,
  PRIMARY KEY (`id`)
) ENGINE=InnoDB DEFAULT CHARSET=utf8;
/*!40101 SET character_set_client = @saved_cs_client */;

--
-- Dumping data for table `fueldelivery`
--

LOCK TABLES `fueldelivery` WRITE;
/*!40000 ALTER TABLE `fueldelivery` DISABLE KEYS */;
INSERT INTO `fueldelivery` VALUES (0,'0'),(1,'Fuel Injected'),(2,'Carborated'),(3,'Other');
/*!40000 ALTER TABLE `fueldelivery` ENABLE KEYS */;
UNLOCK TABLES;

--
-- Table structure for table `fueltype`
--

DROP TABLE IF EXISTS `fueltype`;
/*!40101 SET @saved_cs_client     = @@character_set_client */;
/*!40101 SET character_set_client = utf8 */;
CREATE TABLE `fueltype` (
  `id` int(11) NOT NULL,
  `name` varchar(110) DEFAULT NULL,
  PRIMARY KEY (`id`)
) ENGINE=InnoDB DEFAULT CHARSET=utf8;
/*!40101 SET character_set_client = @saved_cs_client */;

--
-- Dumping data for table `fueltype`
--

LOCK TABLES `fueltype` WRITE;
/*!40000 ALTER TABLE `fueltype` DISABLE KEYS */;
INSERT INTO `fueltype` VALUES (0,'0'),(1,'E85'),(2,'Pump Gas'),(3,'Race Gas'),(4,'Diesel'),(5,'Other'),(6,'Gas & Oil');
/*!40000 ALTER TABLE `fueltype` ENABLE KEYS */;
UNLOCK TABLES;

--
-- Table structure for table `listingfeatures`
--

DROP TABLE IF EXISTS `listingfeatures`;
/*!40101 SET @saved_cs_client     = @@character_set_client */;
/*!40101 SET character_set_client = utf8 */;
CREATE TABLE `listingfeatures` (
  `id` int(11) NOT NULL,
  `name` varchar(110) NOT NULL,
  PRIMARY KEY (`id`)
) ENGINE=InnoDB DEFAULT CHARSET=utf8;
/*!40101 SET character_set_client = @saved_cs_client */;

--
-- Dumping data for table `listingfeatures`
--

LOCK TABLES `listingfeatures` WRITE;
/*!40000 ALTER TABLE `listingfeatures` DISABLE KEYS */;
INSERT INTO `listingfeatures` VALUES (0,'0'),(1,'Listings with photos'),(2,'Listing with price');
/*!40000 ALTER TABLE `listingfeatures` ENABLE KEYS */;
UNLOCK TABLES;

--
-- Table structure for table `location`
--

DROP TABLE IF EXISTS `location`;
/*!40101 SET @saved_cs_client     = @@character_set_client */;
/*!40101 SET character_set_client = utf8 */;
CREATE TABLE `location` (
  `id` int(11) NOT NULL,
  `name` varchar(110) NOT NULL,
  PRIMARY KEY (`id`),
  UNIQUE KEY `name` (`name`)
) ENGINE=InnoDB DEFAULT CHARSET=utf8;
/*!40101 SET character_set_client = @saved_cs_client */;

--
-- Dumping data for table `location`
--

LOCK TABLES `location` WRITE;
/*!40000 ALTER TABLE `location` DISABLE KEYS */;
INSERT INTO `location` VALUES (0,'0'),(1,'Range feature (under x miles)'),(2,'Unlimited Distance ');
/*!40000 ALTER TABLE `location` ENABLE KEYS */;
UNLOCK TABLES;

--
-- Table structure for table `poweradders`
--

DROP TABLE IF EXISTS `poweradders`;
/*!40101 SET @saved_cs_client     = @@character_set_client */;
/*!40101 SET character_set_client = utf8 */;
CREATE TABLE `poweradders` (
  `id` int(11) NOT NULL,
  `name` varchar(110) NOT NULL,
  PRIMARY KEY (`id`)
) ENGINE=InnoDB DEFAULT CHARSET=utf8;
/*!40101 SET character_set_client = @saved_cs_client */;

--
-- Dumping data for table `poweradders`
--

LOCK TABLES `poweradders` WRITE;
/*!40000 ALTER TABLE `poweradders` DISABLE KEYS */;
INSERT INTO `poweradders` VALUES (0,'0'),(1,'Supercharger'),(2,'Single Turbo'),(3,' Twin Turbo'),(4,' Nitrous'),(5,' Naturally Aspirated'),(6,' Compound/other');
/*!40000 ALTER TABLE `poweradders` ENABLE KEYS */;
UNLOCK TABLES;

--
-- Table structure for table `product`
--

DROP TABLE IF EXISTS `product`;
/*!40101 SET @saved_cs_client     = @@character_set_client */;
/*!40101 SET character_set_client = utf8 */;
CREATE TABLE `product` (
  `id` int(11) NOT NULL,
  `name` varchar(110) DEFAULT NULL,
  `location` int(11) DEFAULT NULL,
  `price` float DEFAULT NULL,
  `ownerId` int(11) DEFAULT NULL,
  `condition_Id` int(11) DEFAULT NULL,
  `customtypeId` int(11) DEFAULT NULL,
  `drivetypeId` int(11) DEFAULT NULL,
  `enginecylindersId` int(11) DEFAULT NULL,
  `fueldeliveryId` int(11) DEFAULT NULL,
  `fueltypeId` int(11) DEFAULT NULL,
  `listingfeaturesId` int(11) DEFAULT NULL,
  `poweraddersId` int(11) DEFAULT NULL,
  `transmissiontypeId` int(11) DEFAULT NULL,
  `vehicletypeId` int(11) DEFAULT NULL,
  `categoryId` int(11) DEFAULT NULL,
  `locationId` int(11) DEFAULT NULL,
  `year` varchar(110) DEFAULT NULL,
  `make` varchar(110) DEFAULT NULL,
  `model` varchar(110) DEFAULT NULL,
  `is_sold` int(11) DEFAULT '0',
  `status` varchar(110) DEFAULT 'unpaid',
  `zip` varchar(110) DEFAULT NULL,
  `feature` int(11) DEFAULT '1',
  `ip` varchar(110) DEFAULT NULL,
  `latitude` varchar(110) DEFAULT NULL,
  `longitude` varchar(110) DEFAULT NULL,
  `image_count` int(11) DEFAULT '5',
  `details` varchar(4000) DEFAULT 'Have a look at this car! It is awesome',
  `datetime` timestamp NULL DEFAULT CURRENT_TIMESTAMP,
  `listing_fees` varchar(110) DEFAULT NULL,
  `payment_tx_id` varchar(1010) DEFAULT NULL,
  PRIMARY KEY (`id`)
) ENGINE=InnoDB DEFAULT CHARSET=utf8;
/*!40101 SET character_set_client = @saved_cs_client */;

--
-- Dumping data for table `product`
--

LOCK TABLES `product` WRITE;
/*!40000 ALTER TABLE `product` DISABLE KEYS */;
INSERT INTO `product` VALUES (0,NULL,NULL,NULL,NULL,NULL,NULL,NULL,NULL,NULL,NULL,NULL,NULL,NULL,NULL,NULL,NULL,NULL,NULL,NULL,0,'unpaid',NULL,1,'204.12.241.178','39.1472','-94.5735',5,'Have a look at this car! It is awesome','2018-03-03 18:20:31',NULL,NULL),(3,'Big Turbo Lexus IS300',NULL,12500,15,2,3,1,4,1,2,NULL,2,1,4,1,NULL,'2001','Lexus','IS300',0,'paid',NULL,0,'72.213.42.34','41.2061','-96.0451',4,'Clean title, aristo motor swap, it has all new seals new water pump new oil pump all from Toyota the turbo is a s366 with upgraded wheel and thrust washer upgrade, new style Cx racing  manifold, tial 44 wg, turbosmart trumpet BOV, custom full 3inch intercooler piping, mishimoto 3 row intercooler biggest I can fit with the stock bumper, custom 3inch down pipe to full 3inch exhaust all stainless to a greddy sp muffler for a Supra, mishimoto radiator, factory lsd, Megan coilovers, Megan rear lower control arms, walbro 255 high flow pump , Aeromotive fuel pressure regulator, factory aristo trans valve body upgrade, volk gt-7 18-9 front 18-10 rear.  Everything works in the car  including the paddle shift.','2018-03-25 18:09:10','6.73','dkbx2fzp'),(4,'2004 LS1 GTO',NULL,8500,15,2,3,1,5,1,2,NULL,5,1,3,1,NULL,'2004','Pontiac','GTO',0,'paid',NULL,0,'72.213.42.34','41.2061','-96.0451',5,'This car has headers, intake, exhaust, and 243 Heads. 99k miles and clean title in hand. For sale by Luis Alarcon and his email is lalarcon4259@gmail.com','2018-03-25 18:42:11','6.73','6zrsbzqp'),(5,'MINT 2012 Shelby GT500',NULL,40000,15,2,3,1,5,1,2,NULL,1,2,3,1,NULL,'2012','Ford','Shelby GT500',0,'paid',NULL,0,'72.213.42.34','41.2061','-96.0451',6,'','2018-03-25 18:57:50','6.93','6rvemgen'),(7,'2001 Cammed Z06',NULL,17000,15,2,3,1,5,1,2,NULL,5,2,3,1,NULL,'2001','Chevrolet','Corvette',0,'unpaid',NULL,0,'72.213.42.34','41.2061','-96.0451',3,'I have my 2001 Z06 up for sale. It has 93k miles. At about 88k I did all the work to it adding a cam, built the head with all new valve train, added bigger injectors and put headers on the car. Got it tuned on a dunk and made 420hp/409tq I did all the work over a year ago and haven\'t had any issue. Inside of the car is red and black and is in good condition with any rips on the leather. VIDEOS OF THE CAR CAN BE FOUND ON MY INSTAGRAM @slow.roush TEXT ONLY PLEASE.','2018-03-25 21:59:30','6.73',NULL),(8,'Tastefully Modded - 2013 BMW 335i M-sport',NULL,25000,15,2,3,1,4,1,1,NULL,2,1,4,1,NULL,'2013','BMW','335i M-Sport',0,'paid',NULL,0,'72.213.42.34','41.2061','-96.0451',5,'2013 BMW 335i M-sport 65000miles 8sp sport automatic with QS2 Fully loaded black leather, shadow line option (black trim and exhaust tips)  $25000 ( willing to negotiate price). Runs on pump91,93 or e85, intake, intercooler, charge pipes, custom exhaust, downpipe, and JB4  So for these cars \"full bolt on\" ~350hp/470tq ish no dyno.     CONTACT: Sopaw2127@yahoo.com or 402-957-3313','2018-03-25 22:38:43','6.73','c4hqv8yn'),(9,'2004 Volvo S60R Stage 3',NULL,6500,15,2,3,2,9,1,1,NULL,2,2,4,1,NULL,'2004','Volvo','S60R',0,'paid',NULL,0,'72.213.42.34','41.2061','-96.0451',5,'Selling my 2004 Volvo S60R.  Overall it\'s in good shape not perfect has some scratches here and there nothing major still looks great. Interior is probably 6/10 needs some love but nothing wrong.  Car is Stage 3 and runs strictly e85 I\'ve never dynoed it cars with the same setup and mods have made around 350+awhp and 420+awtrq and it\'s definitely all of that. Mods list in pictures.  Currently car is having a small issue with inconsistent boost tracked it down to the map sensor car does not over boost and still drives fine I will edit the post once it\'s fixed. 198500 miles.  No trades at this time if I\'ll consider them the post will say so don\'t waist my time or yours. Price is obo','2018-03-25 22:49:29','6.73','7hdpgw53'),(10,'2005 Subaru WRX STI swapped',NULL,17500,15,2,3,2,3,1,1,NULL,2,2,4,1,NULL,'2005','Subaru','WRX',0,'paid',NULL,0,'72.213.42.34','41.2061','-96.0451',14,'2005 Subaru Impreza WRX Premium  Obsidian Black Pearl Premium Package sunroof, heated seats, and heated windshield wipers  Clean Title in hand 125,xxx miles   Car runs and drives like a dream and is very quick and fun to drive. As far as the condition of the car goes the interior is in good shape other than the drivers seat bolster showing wear. On the exterior there are some imperfections like rock chips and scratches as the car is 12 years old and has 125k miles on it so it isn\'t perfect but a lot better shape than 99% of the blob eyes I\'ve seen around town. A lot of quality parts have been used on this build. Also Included with the sale is a load of stock parts I have in storage. All the major work on the car has been done at Russ Garage and he can vouch that nothing on this car has been half assed. I have 4 years worth of receipts for most of the work done to the car as well. The car just had the motor completely gone through and got a new passenger side head from a previous valve issue. Also has a new set of valves in both heads. After the motor was put back together I had it on the dyno for a fresh tune as of 10/17/17 from Graham. Only issue with the car is the rear differential makes a clicking noise under acceleration when the car is cold once it warms up it becomes less noticeable. It doesn\'t affect the way the car performs so I\'ve never messed with it. My asking price is not even close to how much money I have in this car so my price is firm. Not looking for any trades other than a corvette Z06. I\'m sure I\'m missing on some details so if you have any questions feel free to message me. No test drives unless cash in hand.  Performance: Built 2.0L short block from Outfront Motorsports Manley H beam rods Weisco Pistons ARP head studs  Race bearings  Killer B oil baffle and pick up line Blouch dominator 2.5xtr turbo 10cm hot side  ETS front mount intercooler  Tgv deletes  Cobb 4 bar Map sensor  AEM AIT sensor  Tial 38mm wastegate with dump tube ID1300cc injectors Five-O Motor Sports black ops 340lph fuel pump Radium fuel pump hard wire kit 2004 STI brembo brake kit (still 5x100) 2005 STI 6 speed transmission with DCCD Pro controls  R160 3.90 final drive LSD rear differential Competition Racing Stage 3 clutch with lightweight flywheel Grimmspeed electronic boost controller Go Fast Bits adjustable Blow Off Valve  Perrin turbo inlet Perrin cold air intake Grimmspeed external wastegate up pipe  TiTek Downpipe HKS catback exhaust BC Br Coilovers Koyorad aluminum radiator  Mishimoto radiator hoses  Grimmspeed Air Oil separator  Cobb Accessport V3  Tuned on E85 by Graham  Made 451 whp/417 torque   Exterior: Wingless trunk off a 2006 impreza 6k HID headlights  STI side skirts STI corner splitters STI fog light covers STI hood scoop STI V limited replica front lip Front grill badge delete  Perrin front plate delete  18x9.5 +40 Enkei NT03 in Sbc wrapped in Bridgestone potenzas   Interior: ATI tripple gauge clock pod with carbon fiber faceplate  Innovate LC-2 wideband in red Autometer boost and oil pressure gauges in red JDM STI blacked out dash with JDM red hazard button  STI gauge cluster STI Shift boot with shift trim Cobb Red shift knob  Pioneer 7\" touch screen  Viper 5701 Remote Start/Alarm System All interior lights replaced with white LED\'s  Call or text 4o2-35o-3o79','2018-03-25 23:12:40','8.53','9tpr7e9z');
/*!40000 ALTER TABLE `product` ENABLE KEYS */;
UNLOCK TABLES;

--
-- Table structure for table `subscribe`
--

DROP TABLE IF EXISTS `subscribe`;
/*!40101 SET @saved_cs_client     = @@character_set_client */;
/*!40101 SET character_set_client = utf8 */;
CREATE TABLE `subscribe` (
  `id` int(11) NOT NULL AUTO_INCREMENT,
  `email` varchar(110) DEFAULT NULL,
  PRIMARY KEY (`id`),
  UNIQUE KEY `subscribe_id_uindex` (`id`)
) ENGINE=InnoDB AUTO_INCREMENT=6 DEFAULT CHARSET=utf8;
/*!40101 SET character_set_client = @saved_cs_client */;

--
-- Dumping data for table `subscribe`
--

LOCK TABLES `subscribe` WRITE;
/*!40000 ALTER TABLE `subscribe` DISABLE KEYS */;
INSERT INTO `subscribe` VALUES (1,'a@a'),(2,'a@e'),(3,'a@eee'),(4,'kustomklassifieds@gmail.com'),(5,'kustomklassifieds@gmail.com');
/*!40000 ALTER TABLE `subscribe` ENABLE KEYS */;
UNLOCK TABLES;

--
-- Table structure for table `transaction`
--

DROP TABLE IF EXISTS `transaction`;
/*!40101 SET @saved_cs_client     = @@character_set_client */;
/*!40101 SET character_set_client = utf8 */;
CREATE TABLE `transaction` (
  `id` int(11) NOT NULL AUTO_INCREMENT,
  `product_id` int(11) DEFAULT NULL,
  `seller_id` int(11) DEFAULT NULL,
  `buyer_id` int(11) DEFAULT NULL,
  `sell_time` timestamp NOT NULL DEFAULT CURRENT_TIMESTAMP,
  PRIMARY KEY (`id`),
  UNIQUE KEY `transaction_id_uindex` (`id`)
) ENGINE=InnoDB DEFAULT CHARSET=utf8;
/*!40101 SET character_set_client = @saved_cs_client */;

--
-- Dumping data for table `transaction`
--

LOCK TABLES `transaction` WRITE;
/*!40000 ALTER TABLE `transaction` DISABLE KEYS */;
INSERT INTO `transaction` VALUES (0,NULL,NULL,NULL,'2018-01-11 17:57:56');
/*!40000 ALTER TABLE `transaction` ENABLE KEYS */;
UNLOCK TABLES;

--
-- Table structure for table `transmissiontype`
--

DROP TABLE IF EXISTS `transmissiontype`;
/*!40101 SET @saved_cs_client     = @@character_set_client */;
/*!40101 SET character_set_client = utf8 */;
CREATE TABLE `transmissiontype` (
  `id` int(11) NOT NULL,
  `name` varchar(110) NOT NULL,
  PRIMARY KEY (`id`)
) ENGINE=InnoDB DEFAULT CHARSET=utf8;
/*!40101 SET character_set_client = @saved_cs_client */;

--
-- Dumping data for table `transmissiontype`
--

LOCK TABLES `transmissiontype` WRITE;
/*!40000 ALTER TABLE `transmissiontype` DISABLE KEYS */;
INSERT INTO `transmissiontype` VALUES (0,'0'),(1,'Automatic'),(2,'Manual'),(3,'Other');
/*!40000 ALTER TABLE `transmissiontype` ENABLE KEYS */;
UNLOCK TABLES;

--
-- Table structure for table `user`
--

DROP TABLE IF EXISTS `user`;
/*!40101 SET @saved_cs_client     = @@character_set_client */;
/*!40101 SET character_set_client = utf8 */;
CREATE TABLE `user` (
  `id` int(11) NOT NULL,
  `username` varchar(110) NOT NULL,
  `password` varchar(110) NOT NULL,
  `name` varchar(110) DEFAULT NULL,
  `phone` varchar(110) DEFAULT NULL,
  `mobile` varchar(110) DEFAULT NULL,
  `address` varchar(1010) DEFAULT NULL,
  `sex` varchar(110) DEFAULT NULL,
  `email` varchar(110) NOT NULL,
  `type` varchar(110) DEFAULT NULL,
  `bio` varchar(1010) DEFAULT NULL,
  `facebook` varchar(110) DEFAULT NULL,
  `instagram` varchar(110) DEFAULT NULL,
  `twitter` varchar(110) DEFAULT NULL,
  `pass_reset_key` varchar(1010) DEFAULT NULL,
  PRIMARY KEY (`id`),
  UNIQUE KEY `username` (`username`),
  UNIQUE KEY `email` (`email`)
) ENGINE=InnoDB DEFAULT CHARSET=utf8;
/*!40101 SET character_set_client = @saved_cs_client */;

--
-- Dumping data for table `user`
--

LOCK TABLES `user` WRITE;
/*!40000 ALTER TABLE `user` DISABLE KEYS */;
INSERT INTO `user` VALUES (0,'0','0',NULL,NULL,NULL,NULL,NULL,'0',NULL,NULL,NULL,NULL,NULL,NULL),(1,'a','11','adasdas','asd','asdasdasdasd','asdffasd','Male','a@a','seller',NULL,NULL,NULL,NULL,NULL),(2,'b','11','fsdfasdf','asdf','fasd','fsdafasd','Other','a@g','seller',NULL,NULL,NULL,NULL,NULL),(3,'shahad','1234','Shahad','029112126','01711389230','salimullah road','Male','shahad@gmail.com','seller',NULL,NULL,NULL,NULL,NULL),(4,'al','123','','','','','Male','alaminbbsc@gmail.com','seller',NULL,NULL,NULL,NULL,NULL),(5,'aaa','11','rtwer','241','5345','6','null','rftgrtw@rwer','seller',NULL,NULL,NULL,NULL,NULL),(6,'asdf','11','11','11','11','11','null','wqrw@etw','seller',NULL,NULL,NULL,NULL,NULL),(7,'asas','11','11','11','11','11','null','rqwer@yerty','seller',NULL,NULL,NULL,NULL,NULL),(8,'aass','11','11','11','11','11','undefined','qwer@qwr','seller',NULL,NULL,NULL,NULL,NULL),(9,'asdfghjk','11','11','11','11','11','undefined','wrqerqwe@retwert','seller',NULL,NULL,NULL,NULL,NULL),(10,'sha','11','11','11','11','11','undefined','qwer@dwert','seller',NULL,NULL,NULL,NULL,NULL),(11,'www','11','11','11','11','','undefined','fas@dfg','seller',NULL,NULL,NULL,NULL,NULL),(12,'sadi','11','Sadi Amin11','00112211','22334411','Sylhet12','undefined','sadi11@gmail.com','seller','mY bIO ','12','12','12','32115797'),(13,'admin','11','Karguy My Friend','1234567890','0987654321','USA','undefined','karguy@gmail.com',NULL,NULL,NULL,NULL,NULL,NULL),(14,'dev','11','Al- Amin','12323','35434534','Dhaka','undefined','aa@aaaaa','seller',NULL,NULL,NULL,NULL,NULL),(15,'kustomklassifieds','admin','Kustom Klassifieds','0','0','Internet Land','undefined','kustomklassifieds@gmail.com','seller','Owner of Kustom Klassifieds! Show us what kind of cool ride you have for sale.',NULL,NULL,NULL,NULL),(16,'ala','11','11','11','11','11','undefined','ala@ala','seller',NULL,NULL,NULL,NULL,NULL),(17,'tester','testerpassword','tester','0','0','0','undefined','d34dsil3nce@yahoo.com','seller',NULL,NULL,NULL,NULL,NULL);
/*!40000 ALTER TABLE `user` ENABLE KEYS */;
UNLOCK TABLES;

--
-- Table structure for table `vehicletype`
--

DROP TABLE IF EXISTS `vehicletype`;
/*!40101 SET @saved_cs_client     = @@character_set_client */;
/*!40101 SET character_set_client = utf8 */;
CREATE TABLE `vehicletype` (
  `id` int(11) NOT NULL,
  `name` varchar(110) NOT NULL,
  PRIMARY KEY (`id`)
) ENGINE=InnoDB DEFAULT CHARSET=utf8;
/*!40101 SET character_set_client = @saved_cs_client */;

--
-- Dumping data for table `vehicletype`
--

LOCK TABLES `vehicletype` WRITE;
/*!40000 ALTER TABLE `vehicletype` DISABLE KEYS */;
INSERT INTO `vehicletype` VALUES (0,'0'),(1,'Truck'),(2,'SUV'),(3,'Coupe'),(4,'Sedan'),(5,'Hatchback'),(6,'Motorcycle'),(7,'RTV'),(8,'Crossover'),(9,'Hybrid'),(10,'Van'),(11,'Other'),(12,'Dirt Bikes'),(13,'ATV'),(14,'Boat'),(15,'Snowmobile'),(16,'Sandrail');
/*!40000 ALTER TABLE `vehicletype` ENABLE KEYS */;
UNLOCK TABLES;
/*!40103 SET TIME_ZONE=@OLD_TIME_ZONE */;

/*!40101 SET SQL_MODE=@OLD_SQL_MODE */;
/*!40014 SET FOREIGN_KEY_CHECKS=@OLD_FOREIGN_KEY_CHECKS */;
/*!40014 SET UNIQUE_CHECKS=@OLD_UNIQUE_CHECKS */;
/*!40101 SET CHARACTER_SET_CLIENT=@OLD_CHARACTER_SET_CLIENT */;
/*!40101 SET CHARACTER_SET_RESULTS=@OLD_CHARACTER_SET_RESULTS */;
/*!40101 SET COLLATION_CONNECTION=@OLD_COLLATION_CONNECTION */;
/*!40111 SET SQL_NOTES=@OLD_SQL_NOTES */;

-- Dump completed on 2018-03-27 20:38:37
